<?xml version="1.0" encoding="UTF-8"?>
<!DOCTYPE mapper PUBLIC "-//mybatis.org//DTD Mapper 3.0//EN"
        "http://mybatis.org/dtd/mybatis-3-mapper.dtd">
<mapper namespace="com.easypan.mappers.FileShareMapper">

    <!--实体映射-->
    <resultMap id="base_result_map" type="com.easypan.entity.po.FileShare">
        <!--分享ID-->
        <result column="share_id" property="shareId"/>
        <!--文件ID-->
        <result column="file_id" property="fileId"/>
        <!--用户ID-->
        <result column="user_id" property="userId"/>
        <!--有效期类型 0:1天 1:7天 2:30天 3:永久有效-->
        <result column="valid_type" property="validType"/>
        <!--失效时间-->
        <result column="expire_time" property="expireTime"/>
        <!--分享时间-->
        <result column="share_time" property="shareTime"/>
        <!--提取码-->
        <result column="code" property="code"/>
        <!--浏览次数-->
        <result column="show_count" property="showCount"/>
        <!--文件名称-->
        <result column="file_name" property="fileName"/>
        <!--封面-->
        <result column="file_cover" property="fileCover"/>
        <!--0:文件 1:目录-->
        <result column="folder_type" property="folderType"/>
        <!--1:视频 2:音频  3:图片 4:文档 5:其他-->
        <result column="file_category" property="fileCategory"/>
        <!-- 1:视频 2:音频  3:图片 4:pdf 5:doc 6:excel 7:txt 8:code 9:zip 10:其他-->
        <result column="file_type" property="fileType"/>
    </resultMap>


    <!-- 通用查询结果列-->
    <sql id="base_column_list">
        share_id
        ,s.file_id,s.user_id,valid_type,expire_time,
		 share_time,code,show_count
    </sql>

    <sql id="base_condition_filed">
        <if test="query.shareId != null and query.shareId!=''">
            and share_id = #{query.shareId}
        </if>
        <if test="query.fileId != null and query.fileId!=''">
            and s.file_id = #{query.fileId}
        </if>
        <if test="query.userId != null and query.userId!=''">
            and s.user_id = #{query.userId}
        </if>
        <if test="query.validType != null">
            and valid_type = #{query.validType}
        </if>
        <if test="query.expireTime != null and query.expireTime!=''">
            <![CDATA[ and  expire_time=str_to_date(#{query.expireTime}, '%Y-%m-%d') ]]>
        </if>
        <if test="query.shareTime != null and query.shareTime!=''">
            <![CDATA[ and  share_time=str_to_date(#{query.shareTime}, '%Y-%m-%d') ]]>
        </if>
        <if test="query.code != null and query.code!=''">
            and code = #{query.code}
        </if>
        <if test="query.showCount != null">
            and show_count = #{query.showCount}
        </if>
    </sql>
    <!-- 通用条件列-->
    <sql id="base_condition">
        <where>
            <include refid="base_condition_filed"/>
        </where>
    </sql>

    <!-- 通用查询条件列-->
    <sql id="query_condition">
        <where>
            <include refid="base_condition_filed"/>
            <if test="query.shareIdFuzzy!= null  and query.shareIdFuzzy!=''">
                and share_id like concat('%', #{query.shareIdFuzzy}, '%')
            </if>
            <if test="query.fileIdFuzzy!= null  and query.fileIdFuzzy!=''">
                and s.file_id like concat('%', #{query.fileIdFuzzy}, '%')
            </if>
            <if test="query.userIdFuzzy!= null  and query.userIdFuzzy!=''">
                and s.user_id like concat('%', #{query.userIdFuzzy}, '%')
            </if>
            <if test="query.expireTimeStart!= null and query.expireTimeStart!=''">
                <![CDATA[ and  expire_time>=str_to_date(#{query.expireTimeStart}, '%Y-%m-%d') ]]>
            </if>
            <if test="query.expireTimeEnd!= null and query.expireTimeEnd!=''">
                <![CDATA[ and  expire_time< date_sub(str_to_date(#{query.expireTimeEnd},'%Y-%m-%d'),interval -1 day) ]]>
            </if>
            <if test="query.shareTimeStart!= null and query.shareTimeStart!=''">
                <![CDATA[ and  share_time>=str_to_date(#{query.shareTimeStart}, '%Y-%m-%d') ]]>
            </if>
            <if test="query.shareTimeEnd!= null and query.shareTimeEnd!=''">
                <![CDATA[ and  share_time< date_sub(str_to_date(#{query.shareTimeEnd},'%Y-%m-%d'),interval -1 day) ]]>
            </if>
            <if test="query.codeFuzzy!= null  and query.codeFuzzy!=''">
                and code like concat('%', #{query.codeFuzzy}, '%')
            </if>
        </where>
    </sql>

    <!-- 查询集合-->
    <select id="selectList" resultMap="base_result_map">
        SELECT
        <include refid="base_column_list"/>
        <if test="query.queryFileName!=null and query.queryFileName">
            ,f.file_name,f.folder_type,f.file_category,f.file_type,f.file_cover
        </if>
        FROM file_share s
        <if test="query.queryFileName!=null and query.queryFileName">
            left join file_info f on s.file_id = f.file_id and f.user_id = #{query.userId}
        </if>
        <include refid="query_condition"/>
        <if test="query.orderBy!=null">
            order by ${query.orderBy}
        </if>
        <if test="query.simplePage!=null">
            limit #{query.simplePage.start},#{query.simplePage.end}
        </if>
    </select>

    <!-- 查询数量-->
    <select id="selectCount" resultType="java.lang.Integer">
        SELECT count(1) FROM file_share s
        <include refid="query_condition"/>
    </select>

    <!-- 插入 （匹配有值的字段）-->
    <insert id="insert" parameterType="com.easypan.entity.po.FileShare">
        INSERT INTO file_share
        <trim prefix="(" suffix=")" suffixOverrides=",">
            <if test="bean.shareId != null">
                share_id,
            </if>
            <if test="bean.fileId != null">
                file_id,
            </if>
            <if test="bean.userId != null">
                user_id,
            </if>
            <if test="bean.validType != null">
                valid_type,
            </if>
            <if test="bean.expireTime != null">
                expire_time,
            </if>
            <if test="bean.shareTime != null">
                share_time,
            </if>
            <if test="bean.code != null">
                code,
            </if>
            <if test="bean.showCount != null">
                show_count,
            </if>
        </trim>
        <trim prefix="values (" suffix=")" suffixOverrides=",">
            <if test="bean.shareId!=null">
                #{bean.shareId},
            </if>
            <if test="bean.fileId!=null">
                #{bean.fileId},
            </if>
            <if test="bean.userId!=null">
                #{bean.userId},
            </if>
            <if test="bean.validType!=null">
                #{bean.validType},
            </if>
            <if test="bean.expireTime!=null">
                #{bean.expireTime},
            </if>
            <if test="bean.shareTime!=null">
                #{bean.shareTime},
            </if>
            <if test="bean.code!=null">
                #{bean.code},
            </if>
            <if test="bean.showCount!=null">
                #{bean.showCount},
            </if>
        </trim>
    </insert>

    <!-- 插入或者更新 （匹配有值的字段）-->
    <insert id="insertOrUpdate" parameterType="com.easypan.entity.po.FileShare">
        INSERT INTO file_share
        <trim prefix="(" suffix=")" suffixOverrides=",">
            <if test="bean.shareId != null">
                share_id,
            </if>
            <if test="bean.fileId != null">
                file_id,
            </if>
            <if test="bean.userId != null">
                user_id,
            </if>
            <if test="bean.validType != null">
                valid_type,
            </if>
            <if test="bean.expireTime != null">
                expire_time,
            </if>
            <if test="bean.shareTime != null">
                share_time,
            </if>
            <if test="bean.code != null">
                code,
            </if>
            <if test="bean.showCount != null">
                show_count,
            </if>
        </trim>
        <trim prefix="values (" suffix=")" suffixOverrides=",">
            <if test="bean.shareId!=null">
                #{bean.shareId},
            </if>
            <if test="bean.fileId!=null">
                #{bean.fileId},
            </if>
            <if test="bean.userId!=null">
                #{bean.userId},
            </if>
            <if test="bean.validType!=null">
                #{bean.validType},
            </if>
            <if test="bean.expireTime!=null">
                #{bean.expireTime},
            </if>
            <if test="bean.shareTime!=null">
                #{bean.shareTime},
            </if>
            <if test="bean.code!=null">
                #{bean.code},
            </if>
            <if test="bean.showCount!=null">
                #{bean.showCount},
            </if>
        </trim>
        on DUPLICATE key update
        <trim prefix="" suffix="" suffixOverrides=",">
            <if test="bean.shareId!=null">
                share_id = VALUES(share_id),
            </if>
            <if test="bean.fileId!=null">
                file_id = VALUES(file_id),
            </if>
            <if test="bean.userId!=null">
                user_id = VALUES(user_id),
            </if>
            <if test="bean.validType!=null">
                valid_type = VALUES(valid_type),
            </if>
            <if test="bean.expireTime!=null">
                expire_time = VALUES(expire_time),
            </if>
            <if test="bean.shareTime!=null">
                share_time = VALUES(share_time),
            </if>
            <if test="bean.code!=null">
                code = VALUES(code),
            </if>
            <if test="bean.showCount!=null">
                show_count = VALUES(show_count),
            </if>
        </trim>
    </insert>

    <!-- 添加 （批量插入）-->
    <insert id="insertBatch" parameterType="com.easypan.entity.po.FileShare">
        INSERT INTO file_share(
        share_id,
        file_id,
        user_id,
        valid_type,
        expire_time,
        share_time,
        code,
        show_count
        )values
        <foreach collection="list" item="item" separator=",">
            (
            #{item.shareId},
            #{item.fileId},
            #{item.userId},
            #{item.validType},
            #{item.expireTime},
            #{item.shareTime},
            #{item.code},
            #{item.showCount}
            )
        </foreach>
    </insert>

    <!-- 批量新增修改 （批量插入）-->
    <insert id="insertOrUpdateBatch" parameterType="com.easypan.entity.po.FileShare">
        INSERT INTO file_share(
        share_id,
        file_id,
        user_id,
        valid_type,
        expire_time,
        share_time,
        code,
        show_count
        )values
        <foreach collection="list" item="item" separator=",">
            (
            #{item.shareId},
            #{item.fileId},
            #{item.userId},
            #{item.validType},
            #{item.expireTime},
            #{item.shareTime},
            #{item.code},
            #{item.showCount}
            )
        </foreach>
        on DUPLICATE key update
        share_id = VALUES(share_id),
        file_id = VALUES(file_id),
        user_id = VALUES(user_id),
        valid_type = VALUES(valid_type),
        expire_time = VALUES(expire_time),
        share_time = VALUES(share_time),
        code = VALUES(code),
        show_count = VALUES(show_count)
    </insert>

    <!-- 根据ShareId修改-->
    <update id="updateByShareId" parameterType="com.easypan.entity.po.FileShare">
        UPDATE file_share
        <set>
            <if test="bean.fileId != null">
                file_id = #{bean.fileId},
            </if>
            <if test="bean.userId != null">
                user_id = #{bean.userId},
            </if>
            <if test="bean.validType != null">
                valid_type = #{bean.validType},
            </if>
            <if test="bean.expireTime != null">
                expire_time = #{bean.expireTime},
            </if>
            <if test="bean.shareTime != null">
                share_time = #{bean.shareTime},
            </if>
            <if test="bean.code != null">
                code = #{bean.code},
            </if>
            <if test="bean.showCount != null">
                show_count = #{bean.showCount},
            </if>
        </set>
        where share_id=#{shareId}
    </update>

    <!-- 根据ShareId删除-->
    <delete id="deleteByShareId">
        delete
        from file_share
        where share_id = #{shareId}
    </delete>

    <!-- 根据PrimaryKey获取对象-->
    <select id="selectByShareId" resultMap="base_result_map">
        select
        <include refid="base_column_list"/>
        from file_share s where share_id=#{shareId}
    </select>

    <delete id="deleteFileShareBatch">
        delete from file_share where user_id = #{userId}
        and share_id in(<foreach collection="shareIdArray" separator="," item="item">#{item}</foreach>)
    </delete>

    <update id="updateShareShowCount">
        update file_share
        set show_count = show_count + 1
        where share_id = #{shareId}
    </update>
</mapper>